list1,list2,list3
Anaheim Ducks,Anaheim Ducks,Anaheim Ducks
Arizona Coyotes,Arizona Coyotes,Arizona Coyotes
Boston Bruins,Boston Bruins,Boston Bruins
Buffalo Sabres,Buffalo Sabres,Buffalo Sabres
Calgary Flames,Calgary Flames,Calgary Flames
Carolina Hurricanes,Carolina Hurricanes,Carolina Hurricanes
Chicago Blackhawks,Chicago Blackhawks,Chicago Blackhawks
Colorado Avalanche,Colorado Avalanche,Colorado Avalanche
Columbus Blue Jackets,Columbus Blue Jackets,Columbus Blue Jackets
Dallas Stars,Dallas Stars,Dallas Stars
Detroit Red Wings,Detroit Red Wings,Detroit Red Wings
Edmonton Oilers,Edmonton Oilers,Edmonton Oilers
Florida Panthers,Florida Panthers,Florida Panthers
Los Angeles Kings,Los Angeles Kings,Los Angeles Kings
Minnesota Wild,Minnesota Wild,Minnesota Wild
Montreal Canadiens,Montreal Canadiens,Montréal Canadiens
Nashville Predators,Nashville Predators,Nashville Predators
New Jersey Devils,New Jersey Devils,New Jersey Devils
New York Islanders,New York Islanders,New York Islanders
New York Rangers,New York Rangers,New York Rangers
Ottawa Senators,Ottawa Senators,Ottawa Senators
Philadelphia Flyers,Philadelphia Flyers,Philadelphia Flyers
Pittsburgh Penguins,Pittsburgh Penguins,Pittsburgh Penguins
San Jose Sharks,San Jose Sharks,San Jose Sharks
Seattle Kraken,Seattle Kraken,Seattle Kraken
St. Louis Blues,St. Louis Blues,St. Louis Blues
St Louis Blues,St. Louis Blues,St. Louis Blues
Tampa Bay Lightning,Tampa Bay Lightning,Tampa Bay Lightning
Toronto Maple Leafs,Toronto Maple Leafs,Toronto Maple Leafs
Utah Hockey Club,Utah Hockey Club,Utah Hockey Club
Vancouver Canucks,Vancouver Canucks,Vancouver Canucks
Vegas Golden Knights,Vegas Golden Knights,Vegas Golden Knights
Washington Capitals,Washington Capitals,Washington Capitals
Winnipeg Jets,Winnipeg Jets,Winnipeg Jets
